filename,chroma_stft,spectral_centroid,spectral_bandwidth,rolloff,zero_crossing_rate,mfcc1,mfcc2,mfcc3,mfcc4,mfcc5,mfcc6,mfcc7,mfcc8,mfcc9,mfcc10,mfcc11,mfcc12,mfcc13,mfcc14,mfcc15,mfcc16,mfcc17,mfcc18,mfcc19,mfcc20
abc,0.306031674,2265.9054,1704.926017,3928.493652,0.191312211,-598.3387451,71.01119995,-19.80405807,5.204765797,-27.71310425,8.217592239,-23.52114296,-24.35530281,-10.05404854,-1.427622437,2.613457441,3.854879141,-13.88341999,0.802484334,7.854939938,-14.83362293,-0.112384036,-0.787256658,3.776043177,-2.338150024
